 INSERT INTO MOVIES (TITLE, DIRECTOR, YEAR) VALUES
 ('A-Haunting We Will Go', 'Arv', '2008-01-01'),
 ('Sabretooth', 'Kliment', '1993-01-01'),
 ('Cazuza - O Tempo Não Pára', 'Derron', '1995-01-01'),
 ('Stop Making Sense', 'Teodoro', '1996-01-01'),
 ('Blot, The', 'Gaspar', '1991-01-01'),
 ('Changing Habits', 'Budd', '1995-01-01'),
 ('Wavelength', 'Taddeusz', '1999-01-01'),
 ('Year of the Jellyfish (L''année des méduses)', 'Nero', '2012-01-01'),
 ('Beautiful Dreamer: Brian Wilson and the Story of ''Smile''', 'Griff', '1993-01-01'),
 ('Men Who Made the Movies: Samuel Fuller, The', 'Colet', '2012-01-01'),
 ('Don''t Make Waves', 'Hubie', '1992-01-01'),
 ('Goldfish Memory', 'Warren', '2001-01-01'),
 ('Lumihiutalemuodostelma', 'Gamaliel', '2010-01-01'),
 ('Four Daughters', 'Garvey', '1969-01-01'),
 ('Clean, Shaven', 'Brandtr', '1996-01-01'),
 ('Restless (Uro)', 'Hilliard', '1999-01-01'),
 ('Neil Young: Heart of Gold', 'Ricard', '1984-01-01'),
 ('Murder of Fred Hampton, The', 'Ozzy', '2000-01-01'),
 ('Very Good Girls', 'Urbain', '1991-01-01'),
 ('McFarland USA', 'Benoit', '2006-01-01'),
 ('Road Trip: Beer Pong', 'Jeramie', '1999-01-01'),
 ('Shanghai Gesture, The', 'Boonie', '2007-01-01'),
 ('Blazing Guns', 'Rod', '2007-01-01'),
 ('House', 'Yankee', '1997-01-01'),
 ('Cirque du Soleil: Worlds Away', 'Rollo', '2009-01-01'),
 ('New Age, The', 'Nevile', '2012-01-01'),
 ('Women, The', 'Josiah', '2011-01-01'),
 ('Crossing Guard, The', 'Stanwood', '1997-01-01'),
 ('Dresser, The', 'Hazel', '1992-01-01'),
 ('Inside Llewyn Davis', 'Chrissy', '2009-01-01'),
 ('Sabotage', 'Norbert', '2010-01-01'),
 ('Crush', 'Stearne', '2002-01-01'),
 ('After Dark, My Sweet', 'Anthony', '1997-01-01'),
 ('In a Dark Place', 'Carly', '1996-01-01'),
 ('The Six Million Dollar Man', 'Galvan', '2012-01-01'),
 ('The Fifth Season', 'Heinrick', '1985-01-01'),
 ('Gun the Man Down', 'Virgilio', '2000-01-01'),
 ('Shadowlands', 'Valdemar', '1994-01-01'),
 ('Hercules', 'Burnard', '2004-01-01'),
 ('Silmido', 'Maximilianus', '1964-01-01'),
 ('Till Human Voices Wake Us', 'Heath', '2005-01-01'),
 ('Perfectly Normal', 'Cody', '1991-01-01'),
 ('Watermark', 'Rafferty', '1981-01-01'),
 ('Canterbury Tales, The (I racconti di Canterbury)', 'Bendick', '2011-01-01'),
 ('Dog''s Life, A', 'Yankee', '2007-01-01'),
 ('Something in the Wind', 'Shaun', '2001-01-01'),
 ('Cleaner', 'Isaak', '2001-01-01'),
 ('Dogville', 'Levon', '1998-01-01'),
 ('Pink Panther, The', 'Kerwin', '1990-01-01'),
 ('Bullfighters, The', 'Slade', '2004-01-01'),
 ('Victor Sjöström: Ett porträtt', 'Harman', '1995-01-01'),
 ('Leave The World Behind', 'Lars', '1988-01-01'),
 ('Derailed', 'Mickey', '2008-01-01'),
 ('True Meaning of Christmas Specials, The', 'Corey', '2010-01-01'),
 ('Dirty Dingus Magee', 'Devland', '2005-01-01'),
 ('Sword of the Stranger (Sutorejia: Mukô hadan)', 'Conrade', '1997-01-01'),
 ('Gorgon, The', 'Weider', '1993-01-01'),
 ('Rookie of the Year', 'Dmitri', '1993-01-01'),
 ('To Be Takei', 'Decca', '1994-01-01'),
 ('Corpse Bride', 'Rikki', '2003-01-01'),
 ('Melvin and Howard', 'Arri', '1992-01-01'),
 ('Sacro GRA', 'Derk', '2008-01-01'),
 ('Annie', 'Isidor', '2010-01-01'),
 ('Virgin Stripped Bare by Her Bachelors (Oh! Soo-jung)', 'Agustin', '2004-01-01'),
 ('Blood and Roses (Et mourir de plaisir) (To Die with Pleasure)', 'Lorrie', '1986-01-01'),
 ('That''s Entertainment', 'Malcolm', '2006-01-01'),
 ('Pursuit of Happiness, The', 'Carl', '2003-01-01'),
 ('Twelve and Holding', 'Hall', '2008-01-01'),
 ('Like Father, Like Son', 'Byrann', '2006-01-01'),
 ('Just Married', 'Danny', '2009-01-01'),
 ('Private Eyes, The', 'Bertrando', '2001-01-01'),
 ('Confessions of a Driving Instructor', 'Arron', '1997-01-01'),
 ('Abe Lincoln in Illinois', 'Mattheus', '1989-01-01'),
 ('River of No Return', 'Barthel', '1995-01-01'),
 ('All the Pretty Horses', 'Everett', '1969-01-01'),
 ('A Mulher Invisível', 'Esra', '2011-01-01'),
 ('Million Dollar Baby', 'Boothe', '1999-01-01'),
 ('Song of Sparrows, The (Avaze gonjeshk-ha)', 'Jacob', '1995-01-01'),
 ('Penguin Pool Murder', 'Morgen', '2008-01-01'),
 ('Truth in 24', 'Rodolphe', '2001-01-01'),
 ('Sex and Zen (Rou pu Tuan zhi tou Qing bao Jian)', 'Rufus', '2010-01-01'),
 ('Career', 'Brit', '2001-01-01'),
 ('Lady Be Good', 'Frederic', '1982-01-01'),
 ('Short Circuit', 'Reinwald', '2004-01-01'),
 ('Cop', 'Grenville', '1998-01-01'),
 ('Buffet froid', 'Estevan', '2008-01-01'),
 ('Scream 2', 'Lockwood', '2007-01-01'),
 ('Guinevere', 'Solly', '1994-01-01'),
 ('Secret of the Wings', 'Edgardo', '2005-01-01'),
 ('Rosario Tijeras', 'Gustavo', '2004-01-01'),
 ('This Boy''s Life', 'Clementius', '2008-01-01'),
 ('Survival Quest', 'Hernando', '2009-01-01'),
 ('Ride Beyond Vengeance', 'Aylmar', '1998-01-01'),
 ('Satisfaction (a.k.a. Girls of Summer)', 'Forest', '1986-01-01'),
 ('Big Pun: The Legacy', 'Shurwood', '2008-01-01'),
 ('Never Say Never Again', 'Salem', '1990-01-01'),
 ('Whisky', 'Tod', '2009-01-01'),
 ('How Hitler Lost the War', 'Lynn', '2012-01-01'),
 ('So It Goes (Korsoteoria)', 'Meryl', '2009-01-01'),
 ('Boston''s Finest', 'Adolpho', '1997-01-01');
 
INSERT INTO TAG (WORD) VALUES
 ('Comedy'),
 ('Horror'),
 ('Drama'),
 ('Mystery'),
 ('Thriller'),
 ('Romance'),
 ('Adventure'),
 ('Crime'),
 ('Documentary'),
 ('Action'),
 ('Musical'),
 ('Western'),
 ('War'),
 ('Animation'),
 ('Film-Noir'),
 ('Fantasy');

INSERT INTO MOVIES_TAGS (MOVIES_TITLE, TAGS_WORD) VALUES
 ('A-Haunting We Will Go', 'Comedy'),
 ('Sabretooth', 'Horror'),
 ('Cazuza - O Tempo Não Pára', 'Drama'),
 ('Stop Making Sense', 'Mystery'),
 ('Blot, The', 'Thriller'),
 ('Changing Habits', 'Romance'),
 ('Wavelength', 'Adventure'),
 ('Year of the Jellyfish (L''année des méduses)', 'Crime'),
 ('Beautiful Dreamer: Brian Wilson and the Story of ''Smile''', 'Documentary'),
 ('Men Who Made the Movies: Samuel Fuller, The', 'Action'),
 ('Don''t Make Waves', 'Musical'),
 ('Goldfish Memory', 'Western'),
 ('Lumihiutalemuodostelma', 'War'),
 ('Four Daughters', 'Animation'),
 ('Clean, Shaven', 'Film-No'),
 ('Restless (Uro)', 'Fantasy'),
 ('Neil Young: Heart of Gold', 'Comedy'),
 ('Murder of Fred Hampton, The', 'Horror'),
 ('Very Good Girls', 'Drama'),
 ('McFarland USA', 'Mystery'),
 ('Road Trip: Beer Pong', 'Thriller'),
 ('Shanghai Gesture, The', 'Romance'),
 ('Blazing Guns', 'Adventure'),
 ('House', 'Crime'),
 ('Cirque du Soleil: Worlds Away', 'Documentary'),
 ('New Age, The', 'Action'),
 ('Women, The', 'Musical'),
 ('Crossing Guard, The', 'Western'),
 ('Dresser, The', 'War'),
 ('Inside Llewyn Davis', 'Animation'),
 ('Sabotage', 'Film-No'),
 ('Crush', 'Fantasy'),
 ('After Dark, My Sweet', 'Comedy'),
 ('In a Dark Place', 'Horror'),
 ('The Six Million Dollar Man', 'Drama'),
 ('The Fifth Season', 'Mystery'),
 ('Gun the Man Down', 'Thriller'),
 ('Shadowlands', 'Romance'),
 ('Hercules', 'Adventure'),
 ('Silmido', 'Crime'),
 ('Till Human Voices Wake Us', 'Documentary'),
 ('Perfectly Normal', 'Action'),
 ('Watermark', 'Musical'),
 ('Canterbury Tales, The (I racconti di Canterbury)', 'Western'),
 ('Dog''s Life, A', 'War'),
 ('Something in the Wind', 'Animation'),
 ('Cleaner', 'Film-No'),
 ('Dogville', 'Fantasy'),
 ('Pink Panther, The', 'Comedy'),
 ('Bullfighters, The', 'Horror'),
 ('Victor Sjöström: Ett porträtt', 'Drama'),
 ('Leave The World Behind', 'Mystery'),
 ('Derailed', 'Thriller'),
 ('True Meaning of Christmas Specials, The', 'Romance'),
 ('Dirty Dingus Magee', 'Adventure'),
 ('Sword of the Stranger (Sutorejia: Mukô hadan)', 'Crime'),
 ('Gorgon, The', 'Documentary'),
 ('Rookie of the Year', 'Action'),
 ('To Be Takei', 'Musical'),
 ('Corpse Bride', 'Western'),
 ('Melvin and Howard', 'War'),
 ('Sacro GRA', 'Animation'),
 ('Annie', 'Film-No'),
 ('Virgin Stripped Bare by Her Bachelors (Oh! Soo-jung)', 'Fantasy')
 ('Blood and Roses (Et mourir de plaisir) (To Die with Pleasure)', 'Comedy'),
 ('That''s Entertainment', 'Horror'),
 ('Pursuit of Happiness, The', 'Drama'),
 ('Twelve and Holding', 'Mystery'),
 ('Like Father, Like Son', 'Thriller'),
 ('Just Married', 'Romance'),
 ('Private Eyes, The', 'Adventure'),
 ('Confessions of a Driving Instructor', 'Crime'),
 ('Abe Lincoln in Illinois', 'Documentary'),
 ('River of No Return', 'Action'),
 ('All the Pretty Horses', 'Musical'),
 ('A Mulher Invisível', 'Western'),
 ('Million Dollar Baby', 'War'),
 ('Song of Sparrows, The (Avaze gonjeshk-ha)', 'Animation'),
 ('Penguin Pool Murder', 'Film-No'),
 ('Truth in 24', 'Fantasy'),
 ('Sex and Zen (Rou pu Tuan zhi tou Qing bao Jian)', 'Comedy'),
 ('Career', 'Horror'),
 ('Lady Be Good', 'Drama'),
 ('Short Circuit', 'Mystery'),
 ('Cop', 'Thriller'),
 ('Buffet froid', 'Romance'),
 ('Scream 2', 'Adventure'),
 ('Guinevere', 'Crime'),
 ('Secret of the Wings', 'Documentary'),
 ('Rosario Tijeras', 'Action'),
 ('This Boy''s Life', 'Musical'),
 ('Survival Quest', 'Western'),
 ('Ride Beyond Vengeance', 'War'),
 ('Satisfaction (a.k.a. Girls of Summer)', 'Animation'),
 ('Big Pun: The Legacy', 'Film-No'),
 ('Never Say Never Again', 'Fantasy');
